job_title,skills
UX·UI디자이너,"전략, UI, UX/UI 디자인, UI/UX 디자인, 기획, 인공지능, 디자인 역량, 사용자 경험(UI/UX) 디자인, 시안디자인능력, 디자인, UIUX 디자인능력, UX"
가구 제조·수리원,"가구 수리, 가구 조립, 가구 생산, 붙박이장 생산, 조립능력, 가구제조, 가구 제조 기술, 수작업, 생산력능력, 목제품 제조, PUR에지 가공, 생산능력"
가스·에너지공학 기술자 및 연구원,"기술자료 분석 및 해석, R&D 연구과제 수행"
가전제품 설치·수리원,"가전제품 설치, 수리 역량"
가축 사육 종사원,"농장 관리, 축산업 관련 역량, 축산 관리, 가축 관리 기술, 사육 관리능력, 근면성실함, 가축 관리, 축산 단순 업무, 한우 사육 관리, 축산업 지식, 가축 사육, 양돈 경험, 양돈업, 양돈"
간호사,"회복실 관리, 스케쥴 관리 및 조정, 의료 기기 사용, 전문 간호사능력, 육아휴직, 노인 의료 복지, 간호 업무, 의료 윤리, 나이트 전담 간호, 의료 서비스, 의료 역량, 스케쥴 관리, 의료 및 간호 기술, 환자경험관리, 방문간호, 병동간호사, 응급 처치, 조산사, 간호 관리, 요양센터 관리능력, 간호사능력, 커뮤니케이션, 진단 검사, 간호사 면허증 소지, 응급 처치능력, 건강검진, 산전 후 휴가, 간호학, 환자 상담, 응급처치능력, 소통 능력, 업무적응 능력, 병동간호 역량, 의료윤리, 조산역량, 문제 해결, 의료 서비스 관련 역량, 상용직전환 검토, 신규간호사 교육, 업무수행 능력, 일반 간호사, 병동, 의료 기술, 전담간호, 환자 간호, 4대 보험, 취업규칙 준수, 간호업무, 환자 간호능력, 요양, 무관 역량, 면접 수행능력, 환자 응대, 의료 기록 관리, 의료지식, 내시경, 교대 근무 역량, 의료 업무 수행, 재활, 의료 지식, 간호능력, 응급처치, 커뮤니케이션능력, 경력, 노인전문간호, 간호 기술, 근무태도, 의료기록관리, 감염 관리, 치매전문 요양, 인내심, 간호 역량"
간호조무사,"간호기술, 의료 기기 사용, 환자 관리, 협력적 태도, 진료준비, 의료업무, 의료 서비스, 의료 역량, 환자간호, 건물 내 경사로, 응급 처치, 어르신 간호업무, 음료제공(차, 의료진료보조, 산전후 관리, 커뮤니케이션, 환자관리, 입원환자 케어, 장애인 화장실, 의료기기 사용, 병동 나이트킵, I.V 관리, 의사소통능력, 무관, 감정적안정, 의료진료능력, 의료윤리, 진료 어시스트, 의료기기 사용능력, 환자안정화, 수술실 업무 경험, 의료 관련 역량, 약물투여, 기구세척, 간호, 의료, 간호보조, 주사, 정리, 환자 간호, 의료지원, 의료서비스, 의료기록 관리, 의료용어이해, 커피), 병동 간호, 의료기술, 무관 역량, 자격증 필수, 의료 지식, 의료지식, 내시경, 의료 기록 관리, 응급처치, 간호 기술, 의료 협력, 의료기록관리, 직무능력 향상교육, 의료기기사용, 교육능력, 간호 역량"
건설 배관공,"상하수배관 공사, 옥내급수관 공사, 기계설비 공사능력, 위생 배관 공사"
건설·광업 기계 설치·정비원,"건설기계 정비, 건설·광업용 기계 설치, 지게차 관리 및 정비"
건설·채굴 기계 운전원,"오퍼레이터능력, 덤프운전, 불도저 운전, 건설·채굴 기계 운전능력, 덤프트럭 운전, TBM기 조작, 불도저운전, 도로포장기 운전, 크랏샤 운전 역량, 도로포장기운전, 건설 장비 운전 역량, TBM기조작, 그래브준설선 운전, 시추장비 조작, 시추장비조작, 도로정지기, 쇄석기 운전 기술, 건설 기계 운전 기술, 그래브준설선운전, 운전 기술, TBM 기조작, 중간처리 설비 원격 제어 기술"
건설·채굴관리자,"안전관리, 광업 생산, 토목관련 관리, 철구조물 관리, 건설관련 관리, 건설관리, 채광관리"
건설·채굴단순종사원,"외국어(영어) 소통능력, 목공, 보조공, 건설현장교통신호수, 건설업 기술, 타워크레인수신호원, 안전 규정 준수, 근로 기간 관리, 건설현장신호수, 현장 작업능률 관리, 도로 시설물 복구작업 관련 기술, 건설공"
건설자재시험원,"건축재료시험, 안전진단 책임기술자, 건설재료시험, 건설재료시험기사, 건설자재시험"
건축 목공,"모듈러주택 제작, 목수, 목공 기술, 건축 구조에 대한 이해, 목공 교육 능력"
건축 석공,"석공, 석재 절단, 연마, 조각원"
건축가,"조경 설계, 기술능력, CAD능력, 건축디자인, 건축설계 기술, 기계설비현장 시공상세도 작성능력, 건축도면설계, 시공관리, 건축설계, 건축설계 경력, 건축설계 포함"
건축공학 기술자,"건축적산, 안전관리, 건축시공, 건축분야 능력, 시공기사, 건축공정관리, 공사 현장 관리, 건축공무담당, 현장 관리, 건축대관업무, 건축 설계, 철구조물공사, 건축견적, 건축시공기술개발, 공사관리"
건축구조기술자,"역량강화를 위한 교육제도, 퇴직금 처리, 건축 기술, 자격증 취득, 성과급 관리, 건설, 장기근속자 포상 등, 안전진단, 상해보험, 생산능력"
건축설비기술자,"기획, 제안, 태양광 시스템 설계, 연구"
건축시공기술자 및 견적원,"건축/토목사업부, 건축공정관리, 건축견적원, 건축시공 기술, 공무 업무능력, 건축시공기술개발 및 연구, 건축공정관리기사, 시공 경험, 시공능력, 건축시공기사, 건설현장 관리, 건설 현장 소장, 건설 기술, 현장 관리, 건축공무담당자, 건축대관업무, 건축공무 관리, 공무포함, 대리급 현장실무자, 건축견적, 건축적산, 건축 및 건설 관련 기술, 건축시공, 실내건축, 자재관리"
건축안전·환경·품질·에너지관리기술자,"건설현장안전관리, 안전관리, 안전감시능력, 에너지관리, 건축안전기사, 건설현장 안전 관리, 건축안전 기술, 안전감시, 환경 관리, 품질관리, 건축안전, 품질 관리, 건설현장안전 관리, 현장안전 관리, 건축안전기술, 건설재해예방지도기관 건설안전 지도위원, 에너지 관리, 환경관리"
경리 사무원,"사무 보조, 통계 분석, 경리 업무, 사무 업무, 회계지식, 경영지원, 매입매출 관리, 장부 정리, 4대 보험 경리, 급여 관리, 세무, 캐드 (컴퓨터 지원 설계도구), 급여지급, 세무 실무, 경리회계 업무 처리, 사무실 경리, 회계, 부가세 대리, 전표 정리, 재무관리, 세무신고 대리"
경비원,"보안 관련 역량, 경비 관련 역량, 경비교육, 대인관계능력, 계근 보조업무, 경비 업무 수행능력, 보안 역량, 경비 역량, 차량 관리, 출입통제, 경비원 역량, 경비 관리, 감시력, 경비 장비 관리, 통제능력, 경계감, 보안요원, 상용직전환검토, 경비원, 건물 관리 역량, 학력무관, 일상적 업무 수행, 경비요원 관련 역량"
경비원(건물 관리원),"환경미화, 빌딩 관리, 상황 대처 능력, 경비 역량, 전기안전관리, 건물 시설 관리 관련 역량, 시설관리, 경비 관리, 제초, 건물 보수 및 영상 원 관련 역량, 쓰레기 수거, 야간 관리, 주차 관리, 근로계약 관리, 조경관리, 건물 관리, 분리수거, 건물 관리 역량, 보안"
경영기획사무원,"경영 전략 수립, 사무업무 관리, 기획·전략, 기획능력, 회계·세무·재무, 사업계획 수립 및 문제해결 전략 수립, 경영 관련 분석 및 보고자료 작성, 경영평가, 사무 업무 관리, 중장기 경영 전략 및 계획 수립, 경영지원, 경영혁신, 경영전략, 기획, 분석력, 경영 평가 분석, 전략기획, 경영 기획, 기업지원, 대학기획, 문화지원, 사업 기획, 신규프로젝트 수립"
경영지원관리자,"총무·법무·사무, 구내식당(사원식당), 기획·전략, 서류심사 및 시험 자료 준비 능력, 환경, 프리젠테이션 능력, 블라인드 채용 절차 및 방법에 대한 이해, 엑셀 고급 능력, 노무, 법무, 재무, 구매, 자재, 영업, 세무, 안전, 인사·노무·HRD, 직무능력향상교육, 의료, 컴퓨터 활용 능력, 기타, 4대 보험, 서류 제작 및 편집 능력, 회계, 문서작성 능력, 물류, 점심식사 제공, 사무, 무역, 총무, 판매, 인사, 야간교통비지급, 운전 면허 소지 및 운전 능력., HRD"
계기검침원 및 가스점검원,"가스검침원, 도시가스 계량기 검침, 도시가스 안전점검원, 가스보일러 및 가스렌지 안전점검, 가스안전점검원, 고지서 송달"
고객 상담원 및 모니터 요원,"재택근무, 고객응대, 고객상담, 화상교사모니터링"
고객상담원,"문장 이해 및 기본 글쓰기 능력, 표준어 사용, 기본 PC 활용 능력, 적절한 커뮤니케이션 능력, CS업무 경력, 고객 서비스 마인드, 밝은 음성 보유"
고무·플라스틱 제품 조립원,"세심한 주의력, 좌식 작업, 포장, 품질 검사, 플라스틱 제품 조립, 고무제품 조립, 검사, 생산 조립, 생산 라인 작업, 플라스틱 제품 검사, 단순생산업무, 검사능력, 호스 조립, 자동차 프라스틱 부품 조립, 고무제품, PVC파이프 조립, 조립 기술"
고무·플라스틱 화학공학기술자 및 연구원,"고무화학기술, 고분자연구, 재료개발"
공업 배관공,"용접 기술, 생산직 직무 경험"
공업기계 설치·정비원,"산업기계 정비, 진공 및 반도체, 보조, 기계 설치 및 정비, 자동화 기계 관리, 정비능력, 전기 및 전자 기술능력, 전기 관련 역량, 기계 설치, 엔지니어링 스킬, 회전기계정비, 공업기계 설치, 기계 수리, 산업기계 설치, 엔진 점검, PLC, 기계장치 설치, 모터 설치 및 정비원, 전기, 산업용기계 제작, 공업기계 설치 및 정비능력, 바이오에너지 생산시스템 유지보수, 자동화기계 정비원, 현장 설비 제조, 바이오에너지 시스템 유지보수, 공무 경력, 설치, 회전기계 유지보수, 설비 설치 및 정비 역량, 단조설비 정비, 공업기계 설치 및 유지보수, 기계분야 지식, 바이오에너지생산시스템설치, 기계 조립, 현장 작업 경험, 에어컴프레서 서비스, 선반, 전기분야 지식, 정비 기술, CS 모집, 기계설계, 용접, 공업기계 정비, 현장작업능력, 회전기계 정비, 생산관리, 바이오에너지 생산시스템 설치, 단조설비 설치, 바이오에너지 시스템 설치, 산업용기계 조립, 유지보수, 산업용기계 설치, 회전기계설비보수, 기계 정비, PCB 장비 셋업"
공연·영화·음반기획자,"음반기획능력, 영화제작지식, 기획능력, 공연기획능력, 문화예술관련지식"
과수작물 재배원,"작물 재배, 농업 기술"
광고·홍보 전문가,"광고, 홍보, 교육, 전문가능력"
광고·홍보·마케팅사무원,"광고, 홍보, 마케팅, 상품기획, 사무 업무 관련 역량"
광고·홍보·마케팅전문가,"홍보, 마케팅 전략, 마케팅 분석, 마케팅 컨설팅, 브랜드 관리"
교사보조 및 보육보조 서비스 종사원,"설거지, 보육 서비스, 영유아급간식조리, 영아 교육"
금속 공작기계 조작원,"CNC 가공 생산, 제정기(못제조기) 조작, 보조 업무 수행 능력, 가공 기술, 공작기계 조작 기술, 금속 가공 기계 조작, 선반 조작, 금속 가공 기술, CNC 복합기 생산직, 기계 조작능력, 캠가공, MCT 운용 기술, 기계 조작, 포밍기 기계조작, 공작기계 조작능력, 부품 조립, 공작기계 조작, 제조업 생산직 기계조작, 벤딩 기술, 절단기 조작, CNC 가공 작업, CNC 조작, 공작 기계 운용능력, 용접능력, 제작 기술, 프레스기 운전, 생산관리, 제정기(못 제조기) 조작, 생산 공정 이해, 금속 가공, CAM식 자동선반 조작, 용접, 금속공작기계 조작, CNC 선반 기능"
금속가공 기계 조작원,"전조 기술, 프레스 조작, 철판 가공 역량, 기술 역량, 생산직, 금속가공, 기계 조작 능력, 금속 가공 기계 조작능력, 금속가공 기술, 브이컷팅기 조작, 기계 조작능력, 기계 조작, 기계 조작 기술, 안전 규정 숙지, 로링 기술, 제조 공정, 범용밀링, 금속가공 능력, 생산직 기계장비 운전, 제조 생산직, 금형제작, NC밀링기 운전, 야간근무능력, 생산 공정 이해, 금속 가공, 핸들 가공 기술, 자동화 설비 오퍼레이터, ROBOT 조작"
금속가공 제어장치 조작원,"보조능력, 주조능력, 비철금속(동) 전기용해로 용해 관련능력, 금속가공, 용광로 조작, 도가니 조작, 금속 제어 장치 조작, 제어장치 조작, 전기로 조작, 금속가열로 조작, 용해로 조작"
금속기계부품 조립원,"출하지원, 조립, 방산부품 조립, 자동차 커넥터 사출 금형 수리, 금속 제품 조립, 공업기계 부품 조립, 자재관리, 부분품 조립, 기계 부품 조립 능력, 자동차, 생산부 조립팀 관련 업무능력, 사상, 가전 컨넥터, 전자, 농업기계 부품 및 부분품 조립 능력"
금형원,"금형공학, 연구개발"
기계공학 기술자 및 연구원,"식품기계설계, 고도물처리플랜트 기술, 고도물처리플랜트, 연구 역량, 연구원 역량, 제품 개발, 조립 경력, 기계공학, K-방산 정보통신기술, 통합체계지원(IPM), 스마트팜 자동화 개발, 기계엔지니어링, 사무용기계개발, 식품포장기계설계, 자동차부품, 공무업무 담당 역량, 반도체장비설계 기술, 반도체장비설계, 연구 및 개발 관리, 개발 역량, 풍력발전, 자동화기계설계 기술, 자동화장비 생산기술, PCB 자동화기구 설계 기술, 기계공학 기술, 3D작업, 반도체 장비 설계, 고효율엔진, 제품 설계, 치공구설계, 사무용기계설계"
기술 영업원,"마케팅, 반도체, 고객 관리, 중개, 영업전략 마케팅, 영업 전략 수립, 중개능력, 판매관리, 납품관리, 프로젝트 기획, 계약, 고객 응대, 대리점 영업, 5축 기계가공, 기술영업, 견적, 공압제품에 대한 기술이해, 사업개발, 재무평가, 고객응대능력, 영업, 기술능력, 계약 업무 경험, 협상, 영업능력, 계측장비, 병원 영업, 납품 및 기술영업 능력, 해외 영업능력, 고객관리 역량, 전자장비, 영업 기획/전략, 의료기기 영업, 커뮤니케이션능력, 기술 영업, 협상력, 견적서 작성능력, 의료기기 기술, 대리점 개발, X-ray 기기술 영업, 제품영업, 커뮤니케이션 역량"
기타 건설 구조 기능원,"정화조 설치, 건물해체, 인테리어 디자인, 현장작업 관리, 현장 관리, 방음벽 설치, 건설 구조, 건축물 해체계획서 작성, 건설 관리"
기타 건축 마감 기능원,"시설 관리, 현장 관리 능력, 건물 유지보수, 건축 관련 기술력, 현장 관리능력, 영선, 건축 현장 관리"
기타 보건·의료 종사원,"보건 및 의료 관련 역량, 환자운반, 병원내 환자 이송, 환자이송, 의료기기 인허가"
기타 비금속제품 생산기계 조작원,"생산 기술 관리, 품질 검사, 생산 공정 이해, 생산 기계 조작, 제품 생산 기계 조작"
기타 사회복지 종사원,"사회복지능력, 기타 사회복지 역량, 아동돌봄교사, 아동돌봄, 사회복지, 종사원, 아동 돌봄, 교육능력, 생활지도 역량"
기타 스포츠 및 여가서비스 종사원,"야외놀이시설물 관리, 일정 계획 및 조정"
기타 식품 가공 기계 조작원,"제조원 역할, 생산직 역량, 조미식품 제조, 신선조리공정, 생산품 포장, 유지, 기타 식품가공 기술, 냉동고추 입출고, 식품 가공, 제품생산, 제품조립, 식품 안전 및 위생 관리, 빵가루 제조, 향신료 제조, 기계 조작, 식품가공기계 조작, 도시락 제조, 식용유 제조, 식품생산, 제품가공, 생산직능력, 설탕 가공, 식품가공, 식품제조, 제품포장, 커피 가공, 품질검사, 제품검품, 포장"
기타 음식 서비스 종사원,"조리, 서비스"
기타 전기·전자 기기 설치·수리원,"자동화제어 기술, 콘트롤판넬 기술, 기술관리, 정보통신기기 수리, 전기제어기사, 전기, 전기안전관리, 자동화 PLC 프로그래머, 자동화설치제어원, 자동화제어기사, 제어장치 설치 및 정비능력, 자동화설치제어 기술, 전자 설비 조작, 공무직 관련 업무능력, 설치 및 정비능력, 현장 공무 관리, 전기판넬 제작, 전기·전자 기술, FA자동화설치원, 장치 설치와 정비능력, 정보통신기기 설치"
기타 채굴·토목 종사원,"안전시설물 설치/해체 및 관리, 건설자재 정리, 대리석운반, 안전망 설치, 건설현장신호수"
기획·마케팅 사무원,"광고, 홍보, 마케팅전략 수립, 경영·비즈니스 기획, 마케팅, 영어능력, 영업관리, 마케팅 기획, 온라인마케팅 기획, 제품 홍보, 물류 및 유통 전략 관리, 상품기획, SNS관리, 마케팅기획, 해외 영업"
내선 전기공,"전기산업기사채용, 태양열발전시스템 설치, 현장관리, 전기공사원 모집, 전기 공사, 내선 공모집, 전기 공학, 유지보수, 내선 전공"
냉·난방 설비 조작원,"건물냉난방기계설비 조작, 홈플러스 청주점 단기 시설 안전요원, 냉난방 설비 조작, 산업용 냉난방 설비 관리, 자격증 취득, 순찰관리, 건물 운영 및 유지보수, 시설 유지 보수, 유지관리, 냉동시설 관리, 설비 관리, 기계 조작, 설비 조작 관련 역량, 시설관리, 보수, 기계실 장비 조작, 설비 조작"
냉동·냉장·공조기 설치·정비원,"클린룸 운영관리, 산업용 냉동기 설치 및 수리, 수리, 공조기, 냉동, 공조기 설치, 산업보일러 관리, 냉장, 공장용 냉동기계 공무, 공조냉동기능사, 산업용공조기공무, 산업용냉동기 설치 및 수리원, 공장 냉장기계 설비공 유지와 수리, 공장용냉동기계공무, 산업용 냉동기 제조, 산업용 공조기 공무, 설치·정비, 공장용 공조기 설치 및 수리, 공장냉동설비공무, 공조기 정비"
노무사,"인사제도 기획, 노동대학원 졸업 우대, 인사규정 관리, 노무 리스크 관리, 기업노무 경험, 공인노무사 자격증 소지, 노동조합 대응 관련 업무 경력, 노사관련 경력"
농림어업 단순 종사원,"기계장비 운송 전반 지원업무, 종균배지 생산관리"
농업용 및 기타 기계장비 설치·정비원,"농업용 기계장비 설치와 정비, 기타 기계장비 설치와 정비 관련 기술"
대기환경기술자 및 연구원,"과학적 사고능력, 대기 측정, 연구능력, 대기환경관리기술, 환경 기술, 데이터 분석능력, 대기환경 관리, 수질분석"
데이터 전문가,"SQL, 데이터 분석, 데이터 품질관리, PPT능력, 엑셀, 정보처리기사, 한글, 빅데이터 분석기사"
데이터베이스개발자,"데이터베이스 운영, 시스템 백업 및 복구, 데이터베이스 관리, 대규모 데이터 처리, 데이터베이스 성능 최적화, 프로그래밍, 시스템 감시 및 모니터링, CAD능숙, SQL 쿼리 작성, 프로그래밍능력, 데이터 설계, 데이터베이스 보안"
도금·금속분무기 조작원,"전기도금 기술, 금속 가공 기술, 아연도금 기술, 도금 기술, 기계 조작능력, 아노다이징 기술, 조작 기술"
도로운송사무원,"터미널 운행, 운송 운영, 차량 운행 관리, 배차 관리, 사무 업무 관리, 야간 배차 업무, 화물차 배차 관리"
도장원(도장기조작원),"도장 기술, 선박도장 기술, 제품 표준 조립, 생산 능력, 도장기 운영, 자재 수급, 현장 관리, 제품 도장 기계 조작, 제품 도장 전처리, 자동화 기기 운영, 도장기기 관리"
떡 제조원,"생산직 관련 역량, 떡 제조, 떡 생산, 제조 공정 관리"
마케팅·광고·홍보관리자,"홍보, 상품 기획, 마케팅 기획, 코디네이팅"
만화영화작가(애니메이터),"편집, 이펙트, 촬영, 애니메이션 제작"
모바일앱개발자,"데이터베이스, 프로젝트 기획 및 개발, 안드로이드, 플러터, 플러터(Flutter), 프론트엔드 개발, 네트워크 엔지니어링, IOS App, 서버, 백엔드 개발, 서버 및 데이터베이스(DB) 관리, 웹 개발, JAVA 시스템 개발자"
목제품 제조원,"목재 가공 기술, 제품 품질 관리, WOODEN BOX 제작원"
무역 사무원,"사무 업무능력, 이메일 및 전화소통능력, 해외무역 관련 역량, 무역사무 관련 역량, 영업지원, 사무 업무 역량, 문서작성능력, 영어수출입문서작성, 중국어 통역 및 번역, 영어능력, 무역 문서 작성과 해석, 국제무역지식, 협상능력, 영어해외문서수신, 기계설비 A/S 관련 역량, 무역업무(수출입), 영업관리, 회화능력, 무역 업무 경험, 영어능통, 중국어 능통, 업무 추진 능력, 커뮤니케이션능력, 영어통관서류작성, 무역업무"
물류사무원,"입출고 관리, 물류 혁신활동, 물류 관리, 유통관리, 물류 관리사, 운반·하역, 물류 운영, 출하관리, 배송, 물류계획 수립, 물류관리, 입출고관리, 유통 관리, 창고관리, 물류시스템 구축, 보세사, 택배 전산입력, 운반, 자재 관리, 하역"
물리치료사,"근로계약체결, 도수치료능력, 남자 치료사, 의료, 응시자격, 근로계약, 물리치료, 물리치료사 근무, 물리치료사 국가고시, 병역, 입사지원 현황 통계, 면제자, 작업치료, 입사지원"
물품이동장비 조작원 (크레인·호이스트·지게차),"운전 기술, 건설용 호이스트 운전"
미디어 콘텐츠 디자이너,"영상디자인, 사진 편집, 2D 디자인, 디자인, 방송CG 제작"
미용사,"미용 기술능력, 고객 응대"
바닥재 시공원,"바닥시공, 시공팀모집, 콘크리트폴리싱"
반도체공학기술자 및 연구원,"연구개발(R&D), PCB 설계, 제품개발, 반도체회로설계, 엔지니어링, 반도체공정기술, PCB, 반도체검사기술, 제조 기술, 반도체제조기술, 반도체광학, 반도체장비엔지니어링, 신뢰성 평가, 반도체 제조 공정, 품질 보증, 반도체광학엔지니어링, 회로 설계, 반도체회로연구, H/W 회로설계"
방사선사,"주요 제품 직원 할인, 방사선 장비 조작 및 해부학 지식, 수평적 조직문화, 방사선 안전 조치, 방사선 관련 기술, 의료방사선사, 방사선사면허증, 리더십 강화교육, 의료비지원(가족), 자유로운 연차사용, 직책수당, 치료방사선사, 방사선 관련 역량, 의료지원, 각종 경조사 지원, 방사선측정 및 방사선 안전에 대한 지식, 진단방사선사, 해외연수지원"
방송·통신·인터넷 케이블 설치·수리원,"작업능률, 고소차 운영, 통신공사 현장 작업 역량, 통신케이블 설치, 수리 역량, 고소차 운영작업, TV 개통/AS지원, 인터넷, 문제해결능력"
방송기자,"인터넷 뉴스 편집 및 업로드, 기획, 취재 역량, 편집 역량, 보도 역량, 보도자료 편집, 열정, 기사 업로드, 도전정신, 뉴스 제작, 분석, 미디어 산업 지식"
방역원,"분무기 사용, 현장근무, 구충, 멸균관리, 방역 관련 역량, 병충해박멸, 방역, 건물소독, 해충퇴치"
방재 기술자 및 연구원,"소방 안전 관리 기술, 소방 시설 점검 및 정비, 연구 능력, 팀 협업력, 소방시설 안전 관리, 소방방재기사, 소방시설 점검 및 정비능력, 방재 기술, 소방 시설 안전 관리, 소방시설점검"
버스 운전원,"근무 스케줄 조정능력, 승강장 관리, 스케줄 관리능력, 통근 및 통학 운송 서비스, 승객 안내, 운전기술, 통근차량 운행, 승객 안전 및 서비스 제공, 버스 운전 기술, 안전 주행능력, 승객 안전 관리, 차량 관리, 마을버스 운전, 차량 관리 및 정비 skills, 학원 차량 운행, 시내버스 운전, 노선 숙지, 자격 1종 대형면허, 버스 운전자격증 소지, 화물 경력 우대, 스케줄 근무, 안전 운전 추진력, 버스 운전자 자체 교육 후 채용, 경력 적용 일정, 운전 역량, 긴급 상황 대처 능력, 서비스 마인드, 환경 관리 역량, 운전 기술"
번역가,"번역 능력, 영어 번역, 언어 전문가능력"
변리사,"법무 업무, 특허 대상 발명의 발굴, 게임 및 SW 관련 특허 업무 경험, 특허 업무, 특허출원 활성화 전략 수립 및 실행, 인허가 업무, 기업 IP 담당"
변호사,"법률자문, 법률 상식, 송무 분쟁처리, 노동법, 법무행정, 계약검토, 상담 역량, 변호 활동, 소송 절차"
보육교사,"보육센터장, 보육, 책임감, 교육학지식, 창의적인 활동 기획 능력, 어린이집센터장, 보육 활동 지도, 아동 보육 및 교육, 커뮤니케이션 능력, 어린이 교육 및 보육 능력, 교사 역량, 특수교사, 어린이집보육교사, 보육교육, 사랑, 보조 교사 활동, 영아반 교사, 보육 교육, 영아 교육, 보조 및 오후 연장 교사, 어린이집교사, 영아 교육 관련 역량, 보육 활동, 창의력, 팀원과의 협력 능력, 커뮤니케이션능력, 풀꽃유치원 방과후교사, 어린이 교육 역량, 어린이집보조교사, 보조 교사, 언어능력, 학력무관, 어린이 교육"
보일러 설치·정비원,"보일러 관리, 보일러 설치, 보일러 운전, 설치 및 수리 기술, 보일러 수리"
보조교사,"교육능력, 커뮤니케이션능력"
비누·화장품 화학공학기술자 및 연구원,"기기분석, 화장품 제조 기술, HPLC, 컴퓨터 활용 능력, 화장품 제형 연구개발, G.C 제형연구, 안정성 시험"
비서,"비서능력, 일정관리, 주인의 요청 대로 업무를 수행하기, 대응능력, 업무보조, 다국어 능력, 의사소통능력, 기밀유지, 기록관리능력, 비서업무 경험"
비파괴 검사원,"자기비파괴검사, RT, 비파괴검사, 검사성적서 작성, 초음파비파괴검사, 침투비파괴검사, PT, 방사선비파괴검사, 방사선검사"
빅데이터분석가,"SQLP, SQLD, 엑셀능력, 데이터 분석, 데이터 품질관리, ADSP, AI 개발, 빅데이터 분석, 정보처리기사, 빅데이터 분석기사"
사무보조원,"사무보조, 문서수발, 경리, 서류정리, 자재부 관리, 단순 사무 보조 지원, 사무 보조, 역량이 없습니다, 컴퓨터 자격증, 사무 업무 관리, 건물임대관리, 워드작성, PC 활용능력, 회계 보조, 파일링, 엑셀 표 작성, 한글 문서 작성, 한글 및 엑셀 프로그램 사용능력, 사무 보조 업무 수행능력, 매입매출 관리, 법인카드 관리, 내무, 한글문서작성, 문서 작성 능력, 엑셀표 작성, 운전면허증 2종 보통 이상, 사무 보조 역량, 기타 사무 업무, 문서 출력 및 서류 정리, 전산자료 입력, 업무보조, 청소업무, 라벨출력, 대외관리업무, 문서 작성, 엑셀표작성, 감리단 사무 보조, 업무 보조, 한글 사용 가능, 서류 정리, 문서관리, 공공기관 업무 이해, 전자결재 시스템 작성, 차량 소지 여부, 문서작성, 세무대리인, 엑셀, 행정 업무 처리, 소모품 관리"
사무용 전자기기 설치·수리원,"전자기기 설치, A/S실시능력, 사무기기 AS, 전자기기 수리, 프린터 설치, 복사기 수리, 복합기 PC 설치, 프린터 수리"
사서,"수서, 도서대출, 반납, 자료정리"
사진작가 및 사진사,"사진촬영, 포토그래피 관련 기술, 영상편집"
사회복지관리자,"환자상담 및 일지 작성, 사회복지사 필수 역량, 운전 가능자, 공공사업 업무, 정신건강사회복지사 우대, 국고보조사업 유경험 우대, 프로그램 계획 및 진행, 치매검진 업무, 행정업무 경력"
사회복지사,"컴퓨터활용능력, 행정, 치료서비스 지원, 복지연계, 사회복지사업법에 따른 결격사유 미해당, 요양보호사 관리업무, 다문화가족 교육활동, 가족복지, 사회복지사의 자격, 장애인복지 역량, 사회복지사 2급 이상 자격증 소지, 발달장애인 케어, 사회복지사 자격증, 입사지원현황통계, 회계 담당, 요양원 운영 관리, 고객 서비스능력, 자립지원 서비스, 긴급 대응능력, 관련학과 학사학위, 사무업무, 사회복지 관련 역량, 재택의료센터 운영, 노인 및 장애인 복지에 대한 이해, 장애인 활동 지원, 사회복지 지식, 사회복지 분야 학위 소지, 자활사업 운영지원, 사회복지 분야 지식 및 경험, 가정폭력상담원 교육 이수, 관련 사업 경력, 노인복지 서비스, 회복사업, 상담 능력, 포토샵 활용, 사회복지 역량, 승합차 운전 가능능, 사회복지 활동 계획 수립, 방문요양, 사회복지, 장애인자립생활센터 업무, 차량운전, 사회재활교사, 사회복지사 자격증 소지, 문제해결 능력, 운전면허, 성인 발달장애인 주간활동서비스 업무전반 관련 역량, 복지 서비스 제공 능력, 요양원 관리, 서류업무, 팀원 역할 및 협업., 사회복지업무, 상담, 사회복지사 근무 경험, 주간보호센터, 노인복지, 노인복지 역량, 1종 보통운전면허, 건강가정사 또는 사회복지사 자격, 한글/엑셀/ppt 가능, 사회복지 이론과 실무에 대한 이해, 범죄 및 성폭력범죄 조회 시 결격사유 없음, 사회복지사 관련 업무 수행 능력, 아동관리, 야학, 재가복지센터 관리, 지역 사회복지 활동, 사회복지 업무 지식, 운전능력, 사회복지 업무에 대한 이해능력, 치매프로그램, 운전면허 소지, 장애인 지원, 장애인복지, 컴퓨터 활용, 입사지원현황통계분석, 생활복지사 역할 수행 능력, 장애인 복지 서비스, 사회복지사, 지원사업 운영, 커뮤니케이션 능력, 스타렉스 운전, 방문요양분야 경력 관련 기술, 사회복지 관련 업무지식, 컴퓨터 활용 능력 (엑셀 및 기타), 생활복지, 사회재활교사 역량, 방문요양 경력, 아동센터 경력, 사람과의 소통, 행정업무, 사례관리, 사회복지사업법 지식, 방문상담, 성인문해교육, 사회복지 업무, 청각장애인을 위한 사회복지 역량, 노인복지 및 장애인복지 관련 역량, 중증장애인자립지원사업, 운전면허증 1종 소지"
산업 안전원 및 위험 관리원,"위험물 관리, 안전관리"
산업 전기공,"전기공, 철도기관차, 전기공학, 태양광 관련 전기공사 관련 기술, 보조업무 수행 능력, 전기 관련 기술, 전동차 관련 기술, 선박, 전동차, 항공기"
산업안전원,"산업 안전원, 안전관리, 위험물 관리원, 계약직능력, 공장안전관리자, 산업안전, 산업안전담당자, 위험물안전관리사, 위험물관리원, 위험물 관리, 산업 안전 관리, 보건관리, 유해화학물질 기술력"
상·하수도 처리장치 조작원,"상하수도 처리장치 조작, 기계분야 기술, 운영관리, 상하수도 처리장치 조작능력"
상담 전문가,"심리학, 사회복지사, 미디어 관련 역량, 팀원(상담원), 상담학, 노인상담사, 성폭력 상담 역량, 심리교육, 문제해결능력, 상담 역량, 간호사, 성폭력상담사, 상담 및 상담 기술, 보건학, 상담능력"
상점 판매원,"상품 관리, 매장내 상품 진열 관리, 배송업무, 판매 역량"
상품 기획자,"마케팅 전략, 마케팅, 팀원 관리, 홍보, 상품 관리, 전략, 상품 기획, 시장 분석, 서비스 기획, 디자인, 마케팅 동향 파악, 영업·판매·무역, 기획, 조사, MD, MD 업무, 상품 관리 (예: 재고 관리), 교육, 상품기획, 고객상담"
새시 조립·설치원,"금속 재창호, 설치, 금속재창호, 새시 조립, 금속 샷시, PVC 창호, 샷시 제작, PVC 샷시, PVC창호, 새시 제작, 창호 설치, 샷시 설치, 창호 제작, 하이샤시 창호 제작"
생명과학 연구원,"생물학 연구, 유전공학, 세포연구, 생명과학 연구, 분자생물학"
생산·품질 사무원,"공정검사능력, 3차원측정기 사용능력, 섬유, 자동차부품 프레스가공, 자동차 관련 지식, 자동차, 실험기술, 채용 프로세스 관리, 생산공정 관리, 식품 제조 품질 관리, 재고관리, 기계 공학, 금속 가공 기술, 전기, 기계 관련 기술, 사무 업무 경험, 기계, 화학 역학, 자동차부품 품질업무, 팀 리더십, 환경서류정리능력, 생산관리사무원, HACCP, 금속분야 지식, 생산공정관리, 생산관리, 품질 검사, 품질검사업무, 품질 향상, 기계 역량, 생산계획, MCT, 검사기술, 품질관리자, 사무업무 처리능력, 품질, AUTOCAD 사용, 공정 혁신, 고객품질대응, 금속, 화공 관련 기술능력, 금속 관련 지식, 음식료품 산업 지식, 프레스, 플라스틱 제품 개발, 농산물 저온저장고 관리, 생산 계획, 생산보조, 자동차 공학, 영업관리, 납품 보조, 생산 및 품질 관리, 기계 관련 지식, 기계 관련 역량, 산업기계 제작 생산관리, 3차원 측정, 실험, 사무 업무 처리 방법 숙지, 의료 역량, 통계 분석, 팀 조직력, 사무 업무 관리, 생산기술, 고객사관리, 생산 관리 보조, 기계공학, 식품 품질관리 (HACCP), 사무 업무, 섬유 제조 기술, OQC, 화학, 공정관리, 생산설비 운용, 자동차 관련 기술, 품질 시스템 운영, 인적 자원 관리, NX 사용, 품질 관리, 사무 업무 관련 역량, CNC, 개발능력, 생산, 통계분석, 생산부 지원, 자동차 부품 관리, 품질업무 관리, 금속 역량, 산업안전, 전자, 생산 관리, 사무 업무 처리, 품질(Q.A) 관리, 섬유 역량, 섬유 관련 기술, 출하 계획 관리, 출하관리, 검사업무, 생산계획사무원, 열처리, 컴퓨터, 생산 품질관리, 품질관리, 화학 역량, 영업, 자동차보호랩부문, 건설 관련 역량, 사출, 의료기기 품질 보증, PO업무지원, 생산관리원, 식품 품질관리, 수석검사, LINE QC, 품질보증, 자동차 역량, 금속 관련 기술, 생산지원, 자재관리, 품질관리(QC)"
생활지도원,"생활지원사, 장애인생활교사, 장애인 활동 보조, 장애인 근로지원, 사회복지사 자격증 또는 요양보호사 자격증 소지, PC 및 IT 활용 능력, 장애인활동보조, 생활교사, 생활 지원, 생활복지, 운전면허 소지 및 실제 차량 운전 가능, 노인생활복지사, 엑셀) 프로그램 사용가능, 노인 지원, 신뢰와 신망, 장애인 활동지원, 컴퓨터(한글, 노인 돌봄 관련 서비스 제공, 생활재활, 지원 현황 통계분석, 생활재활교사, 근로지원 인구인, 돌봄 서비스, 운전 가능자, 장애인 활동보조, 차량 소지자, 전담 사회복지사 업무 지원, 활동지원"
섀시조립·설치원,"창호유리 생산, 생산 보조"
선박 정비원,"선박기계정비, 선박 수리 관리, 선박설비정비, 선박구성품정비"
선박갑판원,"입사지원현황통계, 선원채용"
섬유 제조기계 조작원,"권사기 조작능력, 권사기, 섬유생산, 방적, 섬유 제조 관련 업무에 대한 기술, 권사기 조작 기술, 섬유 제조 기계 조작, 합사기 조작, 합사기 조작능력, 조방기 조작 기술, 방사 도핑능력, 방사도핑 기술, 생산 보조작원, 방사도핑, 생산 보조 업무에 대한 이해 및 실무 경험, 권사기 조작, 조방기 조작, 합사기 조작 기술, 방사, 연사, 합사, 조방기 조작능력"
성형외과의사,의료 관련 업무 경험
세탁원(다림질원),"위생 관리능력, 세탁, 청소 역량, 다림질, 손세탁, 다림질 기술, 다림질능력, 세탁 기술"
소규모판매점장,"매장매니저, 매장슈퍼바이저"
소방공학 기술자 및 연구원,소방안전관리
수상운송사무원,"컨테이너 검수, 컨테이너 관리, 해상 운송, 운송"
수의사보조원,"수의간호, 수의테크니션"
수질환경기술자 및 연구원,"수질환경 기술, 수질환경인허가연구, 수질환경컨설턴트, 수질환경관리기술, 수질환경 관리기술, 기술진단, 유지관리, 수질환경연구, 수처리설비설계기술, 수처리 기술, 수질오염방지설계, 수처리기술"
숙박시설 서비스원,"커뮤니케이션능력, 서비스 마인드, 고객 응대, 문제 해결능력"
스포츠강사,"수영강사, 수영지도자, 생활체육사, 골프강사, 어린이수영장 회원관리"
"스포츠강사, 레크리에이션 강사 및 기타 관련 전문가","수영강사, 탁구강사, 유아수영강사, 테니스강사, 배드민턴강사, 장애인생활체육지도자, 골프강사, 볼링강사, 골프지도사, 생활체육사"
승강기 설치·정비원,"기계 및 전기 관련 기술, 승강기 설치, 엘리베이터 유지보수, 승강기 유지보수, 정비기술"
시각 디자이너,"그래픽 디자인, 창의력, 카탈로그 및 패키지 디자인, 시각적 디자인 역량, 긍정적 자세와 책임감, 아이디어 발전 능력, 시각 디자인, BI, 창의성, 시각 커뮤니케이션, 아이데이션부터 컨텐츠 구체화, CI 기획, 디자인 소프트웨어 활용능력, 기본적인 디자인 기획력"
시멘트·광물제품 생산기계 조작원,"생산라인 조작 역량, 제조업 역량, 기계 조작 역량, 생산 공정 파악 역량, 생산 기계 조작 역량, 공정 유지 역량"
시설·특수 경비원,"갈등 조정, 건물 경비 관리, 청원경찰, 경비 업무, 경비 역량, 무인경비순찰, 판단력, 주택관리사, 시설·건물경비, 경비 관리, 건물관리·보수, 체력 유지, 경비신임교육, 청소·미화, 건물 보안, 대인관계 역량, 경비 관제원, 보안요원, 감시 및 보안 역량, 상황 대응 능력, 안전 및 보안 감시, 보안 관제원, 학력무관, 보안"
시스템 소프트웨어 개발자,"설계, 그래픽 디자인, 프로그래밍, Cloud환경, 보안 기술, 하드웨어 개발, 웹개발, 알고리즘, 네트워크 관리, Java, 시스템프로그래머, 머신러닝, Flutter 클라이언트 개발자, SI개발, 애플리케이션 개발자, Spring, AWS, 소프트웨어 개발, 시스템 설계"
식품공학 기술자 및 연구원,"실험, 식품 연구, 협업 능력, 실험 및 분석능력, 식품연구, 식품 공학 연구, 식품공학, 제품개발, HACCP 인증, 새로운 기술 습득, 연구개발, 김치 제조, 식품첨가물, 식품공학 기술, 제조, 식품소재개발, 식품제조실험, 발효식품, 문제해결 능력, 식품 제조 실험, 영양학"
실내장식 디자이너,"설계 디자이너 경력, 창의력, 시각 디자인, 디자인 역량, 공간 구성 역량, LX지인 전시장 상담, 시각적 감각, 컬러 감각, 공간 계획 능력"
심리상담전문가,"재활상담, 상담프로그램운영, 정신건강심리상담"
안경사,"안경 검진 및 처방안경렌즈 제작, 안경테 교정 및 수리"
안내·접수원,"응대능력, 회원 관리, 정리능력"
약사,"의약품 지식, 처방전 해석, 환자 의료 상담, 의약품 안전성, 의약품 안전성 평가 및 관리, 의약품규정, 약학"
양식 조리사,"이탈리아음식조리, 주방장경력, 식당 서비스, 식재료 활용, 팀워크, 고객 응대, 음식 맛 평가, 음식 위생 관리, 요리 기술, 스트레스 관리, 서양요리조리, 식당 운영 관리, 양식조리"
양식원,양식장 관리
어부 및 해녀,"연근해 어부, 선원"
언어치료사,"언어치료, 작업치료, 언어·청능 치료"
여행 안내원 및 해설사,"등산안내, 박물관안내, 사파리안내, 시설소개 안내, 견학담당, 행사장 시설 안내, 과학해설, 각종 해설, 녹색관광안내"
여행·호텔관리자,"고객 서비스, 호텔 운영 및 관리, 예약 시스템 이용"
연구관리자,"연구 관리, 연구개발, 연구부서 관리, 통계분석"
영상·녹화·편집 기사,"영상편집, 논리니어 편집"
영양사,"병원급식영양사, 요양원에서의 영양 관리능력, 건강 관리, 식단 계획, 영양사, 식품위생, 영양에 대한 지식, 의료 영양, 임상영양사, 영양 교육, 급식 계획 및 조리 경험, 영양관리, 급식 서비스, 위생, 급식관리"
영업·판매관리자,"영업지원, 매장관리, 영업 관리, 광고영업, 영업 전략능력, 공사 관리, 납기 일정 관리, 납품 관리, 일반 영업, 거래처 관리, 납품관리, 고객 응대, 중간 관리 역량, 거래선개발 및 관리, 판매 관리 역량, 리더십능력, 발주 관리, 공조 냉동 영업, 영업, 팀 리더십, 무역사무원, 영업기획, 영업 관련 역량, 영업 분석, 영업 전략 설정, 제품 출하 관리, 판매 관리, 운영보조, 매출관리, 영업관리, 커뮤니케이션능력, 매출분석, 기술 영업, 문제해결능력, 수불 관리, 거래선개발"
영업기획·관리·지원사무원,"지원사무, 사무업무 관리, 사무업무 처리, 영업지원, 관리, 사무 보조, 영업 관리, 통계 분석, 영업 서류 지원, 지원, 판매관리, 회계경리, 거래처 관리, 영업 실적 정리, 입사지원현황통계, 영업 지원, 사무지원, 영업서류지원, 판매지원, 영업, 기획, 업무 기획, 사무 지원, 고객 서비스 기획, 영업 기획, 현장관리, 영업서무, 영업관리, 영업문서작성, 영업사무관리, 영업기획"
온라인 판매원,"전자상거래 판매, 온라인쇼핑몰관리, 마케팅, 통신판매, 온라인 쇼핑몰 판매, 온라인 판매 관리, CS 상품등록, 판매준비, 영업, 쇼핑몰 운영, 판매관리"
외국어강사,"외국어 교육, 교육, 영어능력, 강의 계획 수립 및 진행"
외선 전기공,"이동통신 전기 시설 및 전기차 충전기 설치 작업, 배전전기원, 외선 설치 및 유지보수 역량, 전동차선로관리, 전기 관련 기술 역량, 저압케이블전공"
요양 보호사 및 간병인,"실버케어, 요양보호관리사능력검정, 의료 지원, 자차소지, 상담 및 케어 기술, 신체적 돕기, 미화원 역량, 신체활동 지원, 건강검진 결과 제출, 의료 서비스 실무 경험, 급여 제공 기록지 작성, 병원 동행, 주간보호센터 요양보호, 프로그램 보조 업무 지원, 상위등급 어르신 재가요양보호, 노인요양보호사, 주야간보호, 소진 방지, 응급 처치, 어르신, 요양보호사 선생님, 노인 돌봄, 관악구, 입사지원현황통계, 방문목욕, 의료관련 지식, 의료기기 사용, 노인 거동 보조, 산책 도우미, 요양보호사 선생님 모집, 사회복지시설 근무 경험, 재가 서비스 제공, 재가 요양보호사, 고객 서비스, 노인 건강 및 요양에 대한 이해, 소독 및 위생 관리, 응급처치능력, 의료 및 건강 관리, 의료기기 사용능력, 케어하기, 요양 및 간병 역량, 독거 노인 돌봄, 요양보호사 모집, 의료도우미, 의료 서비스 역량, 의료, 신체 돌봄, 방문목욕 역량, 요양 서비스, 신체활동지원, 노인간병, 여가 어르신 돌봄, 가사 및 일상생활지원, 보호 서비스, 요양보호에 대한 지식, 요양 보호능력, 재가 서비스 역량, 소통능력, 요양, 치매이수 요양보호, 재활운동, 요양 보호사능력, 의료 기록 관리, 요양보호 역량, 상용직전환검토, 노인 요양사, 요양서비스 제공, 노인요양보호, 초보환영, 의정부 광림요양원, 간병일상생활지원, 요양능력, 어르신 증원 관리, 셕션피딩, 노인 요양 보호 역량, 케어능력, 야간요양, 노인복지에 대한 이해, 재가요양보호 서비스 제공, 의료 및 식사 지원, 어르신 케어, 의료보조, 고나잇실 및 바디케어, 요양보호사, 일반식 준비, 요양보호능력, 요양보호사 교육, 실 운전 능력, LCMS 입력, 고객 응대, 간병 기술, 돌봄서비스 제공, 이동식 변기 사용, 노인학대 범죄 무죄 확인, 치매 관리, 여성, 요양 보호 업무능력, 요양 보호 등, 일상 생활 지원, 요양서비스, 데이케어, 사회복지사 역량, 자동차 운전면허증 소지, 시설 요양, 의료 도구 사용법, 의료 도구 사용, 병원, 방문요양, 요양 보호 서비스, 상담 및 의사소통 기술, 노인 거주 시설, 재가노인요양사, 사회복지, 인간미, 재가요양능력, 간병 역량, 간병인, 양로원 방문 보조, 의료기록 관리, 사후관리, 생활실 청소, 환자 케어, 주간 요양보호사, 보호사, 방문요양 관련 역량, 노인 요양, 시간제 근로 경험, 의료 지식, 소통 및 상담 능력, 요양보호사능력평가, 의료지식, 보호 역량, 신체케어, 치매 교육, 커뮤니케이션능력, 장애인 돌봄, 노인 케어, 가사능력, 응급 상황 대처, 노인 거주시설 관리 역량, 참을성, 이동 지원, 요양원 관리, 요양 보호 업무, 주간보호센터 관리, 방문 요양, 요양 보호사 역량, 대인소통 능력, 송영, 요양 보호 역량, 요양보호사 역량, 상담, 요양 보호 업무실무능력, 식사준비, 운전, 얼굴 기억력, 대인관계 협력능력, 교대근무, 야간근무, 개인위생 관리, 청소, 간병능력, 산업 안전관리, 4등급, 노인복지, 요양 보호사 관련 기술, 보호사능력, 여성어르신 돌봄 필요, 요양보호사 자격증 소지, 노인주간보호, 커뮤니케이션, 휴양, 투석 처리능력, 커뮤니케이션 기술, 대인 소통능력, 요양 보호 활동, 데이케어센터 관련 업무 경험, 거주자 케어, 거동 시 부축, 재가 요양, 산책보조, 요양보호사선생님, 가사지원, 어르신케어, 요양 서비스 제공, 근무 경험, 방문요양보호, 3교대 근무, 노인 건강 및 안전 유지, 언어 구사력, 화장실 도움, 의료 기술, 배려심, 어르신 돌봄, 근면성실함, 상호 의사소통 능력, 거동능력, 일상생활지원, 응급 처치 능력, 재가요양 보호, 이동서비스 업무(차량 운행), 일상생활 지원, 상호작용, 환자 응대 능력, 환자 돌보기, 요양 보호 서비스 제공, 방문요양센터 역량, 주간보호, 노인 건강 돌봄, 의료용품 관리, 환자 안정화, 인간관계능력, 실버시터, 운전 면허 2종, 기저귀 교체, 노인 관리 및 간호능력, 요양보호, 노인요양사, 프로그램 진행, 노인요양 관련 역량, 운전능력, 요양능력 평가, 거동 보조, 학력무관, 요양원 운영, 요양센터에서의 업무 경험, 적응력, 요양보호 관련 역량, 상담능력, 간병인 역량, 요양사, 환자 관리, 재가 요양 보호 역량, 정서지원, 재가요양, 노인 요양 및 보호 관리, 요양 보호 실태분석, 송영 서비스, 방문요양 역량, 의료 서비스, 의료 및 간호 역량, 시설요양, 보호, 요양보호 서비스, 어르신을 대할 줄 아는 능력, 노인 간병, 센터 환경 정리, 재가 요양보호, 건강 감독, 요양보호사능력증 소지, 보호 서비스 실시, 환자 관찰, 간병, 노인 요양 등, 목욕도움, 가정 도우미능력, 치매교육이수, 소통 및 인간관계능력, 역량을 추출할 수 없습니다., 상용직 전환 검토, 의료 보조, 의료 동행 지원, 시설 요양보호, 치매교육, 노인 거주시설 관리, 노인 요양 역량, 탑석사랑, 요양보호사 관련 역량, 간호, 보호사 기술, 근무 일정 관리, 가족적인 마음가짐, 시설요양 역량, 의료 간호 역량, 치매전문교육, 요양 보호 및 간병 역량, 재가요양보호 역량, 신체 활동 지원, 선생님, 여자어르신 요양보호, 요양보호 업무 수행 능력, 말벗, 심리 지원, 적절한 의사 소통, 재가 요양보호 관련 역량, 신체적 역량, 신체지원, 요양 보호사, 신체 건강, 일상 생활 도움, 재가 요양 역량, 요양보호 실무 경험, 노인요양, 요양 보호, 요양보호사능력, 요양보호 활동, 서비스 제공 역량, 여자 어르신 요양보호사, 요양보호사 자격증, 치매 교육이수, 노인 요양에 대한 이해, 방문요양서비스 제공, 요양 caregiving, 주간 요양 보호 역량, 주간근무"
용접기조작원,"기계 작업, 용접 작업"
용접원,"기계조립, 생산직 역량, 신입 근로자 교육, 조공, 탱크 제작경험, 제관, 손재능, 알곤용접, 산소절단, 정밀한 작업, 용접사, 보조업무 처리 능력, CO2 용접, 제관/용접, 수처리 설비 배관 용접공, 기술력, 경력 우대, 용접 기술능력, 건설기계 제조, 생산 능력, 용접 기술, 경력 요구, 기계제작, 산업기사, 산소용접, 알곤 용접, 가스용접, 제관 경력, 용접능력, 현장관리, 로봇용접, 교육 수료 후 경험을 쌓은 사람, 아세틸렌용접, 판금, 제관 작업, 수리 기술, 보조 역량, CO2용접, 보조 작업능력, 파고라 제작 기술, 사상 및 조립, 생산 직무 경험, 용접, 스팟용접, LNG선 멤브레인 설치 관련 기술"
우편물집배원,"상시집배 업무에 대한 이해, 보통운전면허, 소형면허, 자전거면허, 수당 계산, 기본 운전 역량, 운전 기술, 출근 관리, 우편물 배달, 기간 제약을 따르는 성실함, 협업능력"
운송 사무원,"배차보조, 보세운송면허, 자가승인 경험"
원예작물 재배원,"농업 기초 지식, 작물 재배 기술, 버섯 재배, 원예 작물 재배"
웨딩플래너,"웨딩 관련 업무 처리, 웨딩 상담 및 예약 관리, 고객 상담, 고객 응대"
웹 개발자,"보안 엔지니어링, 소프트웨어 개발특기, MSA (Microservices Architecture), 프로그래밍, 데이터 분석, Java, IT 개발, 시스템 엔지니어링, 프론트 엔드, 네트워크 엔지니어링, 백엔드 개발, 웹 개발, 앱 개발"
웹 운영자,"쇼핑몰 관리, 서버 설정, JavaScript, 서버 관리, 웹 사이트 관리, CSS, HTML"
웹기획자,"웹기획, 커뮤니케이션, 프로젝트 관리"
웹디자이너,"사무보조, 그래픽 디자인, 웹 디자인, 포토샵, 마케팅, 디자인 역량, 쇼핑몰 관리, 웹 UI디자인, UI/UX 디자인, 온라인 쇼핑몰 상품등록 및 관리, 디자인, UI 디자인, 오픈마켓 상품 등록 및 관리, 웹페이지 디자인, 웹디자인, 반응형, 영상디자인, 그래픽디자인, 포토샵 디자인, 쇼핑몰운영, 웹 UI디자이너, 포토샵 디자이너, HTML"
웹방송전문가(콘텐츠제작자),"영상 기획 및 제작, 미디어 제작"
유리·유리제품 생산기계 조작원,"유리 제조 기술, 생산기계 조작, 유리제품 생산, 강화, 재단, 출하 경험, 전처리, 생산직 경력, 기계 조작"
유치원 교사,"유치원 교육, 입사지원현황통계, 유아교육, 교육, 유아 교육, 사고력, 학력무관, 영어 수업"
육류·어패류·낙농품 가공기계 조작원,"육계 가공, 포장, 라운드컷팅기 사용능력"
육아 도우미,"육아, 아기돌보미"
은행 사무원,"금융사무, 금융영업, 심사"
음료 제조기계 조작원,"기계 조작능력, 제조 공정 이해력"
음료조리사,"커피 조리, 매장 매니저, 고객 응대, 서빙, 음료 조리, 커피 제조, 음료 제조 및 서빙, 소통 능력, 바리스타, 바리스타 스킬, 협업능력"
음식서비스관리자,"입사지원현황통계, 음식 서비스 관리, 패스트푸드 매니저 실무 경력, 음식서비스, 조리, 동종 햄버거 매장근무 경험"
응급구조사,"환자 간호, 의료기기 사용, 의료 협력하기, 응급처치"
응용 소프트웨어 개발자,"인공지능, 인공지능 연구, 자동제어, 제어, 프론트엔드 백엔드 개발 등, 플랫폼 설계 개발, 자바, PC프로그램 개발"
의료코디네이터,"의료 관련 역량, 서비스 역량, 의료 상담, 직무능력 향상 교육 관련 역량, 환자 의료 정보 관리, 의료 서비스 관련 업무 경험, 심리상담"
인사·교육·훈련 사무원,"계약직 관리와 전환, 노무 사무직 관련 역량, 프로그램운영, 입사지원현황통계, 직업교육 운영, 원서 접수 관리, 인사관리, 입사지원현황 통계분석, 사획복지 관련 교육"
인쇄기계 조작원,"복사 및 출력 기술, 인쇄 장비 유지보수능력, 윤전 인쇄, 오프셋 인쇄, 인쇄기술, 옵셋인쇄원, 사진인화, 옵셋인쇄기, 기계 조작능력, 인쇄 기술, 옵셋 인쇄생산, 보조기사, 기계 조작, 인쇄 공정 이해"
일반기계 조립원,"기계 조립 경력, 기계 조립"
일식 조리사,"음식 데코, 레시피 사이드 조리, 재료 손질 및 반찬 셋팅, 장어 손질 및 굽기, 일식 조리 기술"
임상병리사,"병리학, 진단, 임상병리학"
임학·산림학연구원,"시공관리, 산림사업 설계감리, 산림엔지니어링"
자동조립라인·산업용로봇 조작원,"자동조립라인 조작, 산업용 로봇 조작, 생산 직무능력"
자동차 부품 조립원,"자동차 전기 전장 부품 조립(계기판) 생산, 자동차 봉제품 검사, 자동차 부분품 조립, 부품 조립 기술, 단순생산직, 부품 조립, 자동차 부품 조립, 생산 라인 작업능력, 품질 검사 능력, 검사능력, 용접, 2교대 근무 가능성"
자동차 정비원,"기아오토큐 보증서비스, 자동차 정비 기술, 자동차 판금 정비 기술, 수리, 정비 기능사, 카센터경정비, 화물차 구조변경, 자동차정비, A/S 엔지니어링 경력, 자동차 정비 관련 기술, 정비 역량, 커리어 빌딩, 보강, 적재함 및 탑 교체, 리프트 제작 및 장착, 산소, 변화에 대한 적응력, 자동차오일교환, 용접, 전기차 고전압 정비 기술"
자동차공학기술자,"개발능력, 자동차부품개발, 기술연구, 자동차공학, 연구 기술력, R&D 생산기술 개발, 자동차부품개발기술, 기술 연구"
자동차부품조립·검사원,"조립, 제조 조립, 생산 능력, 검사 포장, 검사, 포장 및 완충재 가공 관련 역량, 자동차 에어컨 버튼 조립, 부품 조립, 생산 진행 과정 파악, 품질관리, 조립기술, 자동차 부품 조립, 세척, 검사능력, 자동차 부품 검사"
자재·구매·물류 사무원,"재고 관리, 사무 업무 처리, 지게차 운전, 물류 관리, 물류 운영, 상품입출고, 사무 업무, 자재 구매, 구매, 자재, 외주업체 관리, 물류 시스템 운영, 물류관리, 상품관리, 물류, 지게차 업무, 자재 구매 물류 관리, 사무 업무 처리 및 문서 작성, 발주, 자재관리"
자재·구매사무원,"부품자재 관리, 부자재 구매, 구매 관리, 물류 관리, 기계부품자재, 발주서 작성, 컴퓨터 관련 역량, 자재 발주 및 매입관리, 사무 업무 관리, 주문서 작성, 재고관리, 금속자재, 사무 업무, 생산 계획별 자재 반출, 자재 구매, 전기, 전자, 컴퓨터, 영업 부 관리, 구매, 검수, 구매관리, 철강 입출고 관리, 자재구매, 섬유 의류 관련 역량, 생산 일정별 자재정리, 부품 구매, 구매 업무, 외주관리, 자재수불, 사무업무, 엑셀 능통 및 ERP 경험 (특급 우대), 자재 출고 바코드 입력, 자재수급계획, 부품구매, 생산관리, 부품자재관리, 구매자재 관리, 자재 관리, 원가분석, 자재관리"
작업치료사,"작업 치료, 물리, 물리치료, 발달 장애인 활동 서비스, 물리 치료, 작업치료사, 작업치료"
장례 지도사 및 장례 상담원,"장의사, 장례(상조)상담원, 장의사보조원, 장례도우미(서비스), 염사, 장례지도사, 상조도우미, 화장장종사원"
재활용 처리장치·소각로 조작원,"폐기물 소각 관리, 운영원 관련 역량, 소각로 제어장치 조작, 폐기물 소각로 조작, 소각로 조작, 폐비닐재생설비운전, 소각시설 관리, 산업폐기물 소각장치 조작, 재활용 처리기계 조작, 크레인 조작, 재활용 처리 조작, 조이스틱 운전"
전기 부품·제품 생산기계 조작원,"전기 부품 제조, 기능직능력, 반도체 장비 제작, 생산 기계 조작, 생산 업무 처리, 제품 생산 관리, 생산 업무 경험"
전기·가스·수도관리자,"전기, 수도 관리능력, 가스"
전기·전자 부품·제품 조립원,"땜하기, 조립, 생산직, 관리, 생산 직무 역량, 전기 전자 제품 조립, 검사, 전기 제품 조립, 작업 및 전장操作技, 제품 조립, 생산 라인 작업, 전장장비 설계, 단순조립, 전기·전자 부품 조립 기술, 전기 제품 조립 기술, 하네스 생산, 부품 조립 기술, 전자 부품 조립, 반도체 제조 설비 관리, 주간근무"
전기·전자 설비 조작원,"아파트 설비 관리, 전기 시설 유지보수, 점검, 반도체 장비 설치, 보수, 유지, 전기·전자 설비 조작, Set-up, 아파트 관리, 전자기기 수리능력, 기계 유지보수, 전력계통 보호계전시스템, 전기, 전기안전관리, 설비 운영, 협력심, 경력요구, 전기시설 관리, 전자 설비 조작, Hook-up, 고장 진단 및 수리능력, 안전 규정 숙지, 설비 조작능력, 설비 유지보수, 전기배선, 손재주, 전기기능사, 기계 기술, 시설 유지, 설비 조작, 기계 이해력, 전력감시시스템, 시설 보수, 전기기계 설비 조작, 전기·전자 설비, 전기산업기사, 전기·전자 기술, 설비 관리, 기본적인 전기 소자 이해력, 비상 대응 능력, 문제해결능력, 조작능력, 적응력, 전자 기기 조작능력, 전자, 주의력"
전기계측제어기술자,"계장, 공장자동화 PLC전기제어, 계장기술, 공정자동화전기, 빌딩자동제어, 공장자동화제어, 자동제어 시스템, SERVO MOTER, 자동화 기계제작, 전기판넬설계, 전기콘트롤판넬설계, PLC, 자동화PLC 설계, 프로젝트관리, PLC 프로그램, 자동화공장설비설계, 전기판넬 설계, 자동제어 설계, PLC설계, 엔지니어, PLC전기제어, 전기패널 설계, PLC 제어, 공장자동화 PLC설계, 전기패널, 빌딩자동화 PLC설계, 자동제어 계장공, 전기제어 경력, 전기제어 기술, 공장자동화 전기설계, 공장자동화 연구, 전기제어, 시운전"
전기기기·제품개발기술자 및 연구원,"생산기술, 전기회로 설계, LED 디스플레이 제품 설계 및 개발"
전기안전기술자,"전기 안전 기술, 전기 안전 관리, 전기산업기사실무경력, 전기기사, 전기산업기사, 전기안전관리, 전기시설물 유지관리, 전기기능장실무경력, 전기안전 관리, 전기기능장"
전산자료 입력원 및 사무 보조원,"고객관리, 전산 처리, 주문관리, 사무 작업능력, 사무 보조, 야간 근무 관리, 사무직, CAD활용, 일반관리, 데이터 입력, 사무 업무 지원, 사무 보조 역량, 입출고관리, 전산자료 입력, 보고서 작성, 데이터 입력 역량, 전산 기술, 출고관리, 노동복지사업 관리, 고객상담"
전자 부품·제품 생산기계 조작원,"반도체 리드절단, 생산 관리, 기계 조작 능력, 제품 제조, 제품 가공, 자동차 부품 SMT 오퍼레이터, 생산기계 조작, 기계 조작, 제품 조립, PCB 제조 및 검사, 네트워크 엔지니어링, 전자 부품 생산 관련 역량, 제품 생산, 제품 생산 프로세스 이해, 생산 공정 관리, 품질 검사, 전자부품 제조, 제품 검수, 회로 설계, 전자 부품 조립, 생산 기계 조작, SMT장치 조작, 제품 생산기계 조작, 자동납땜기 조작"
전자공학 기술자 및 연구원,"전자공학, 연구능력, 전자공학 기술, 제품(기구) 설계, 직원 교육, 스타트업 혁신, 기술 개발"
정보보안 전문가,"컴퓨터시스템 보안, 정보보안, 정보보호, 네트워크 보안, 시스템보안"
제과·제빵원,"생산 라인 운영, 제과/제빵, 식품 가공 기술, 제과 제빵 기술, 교대근무, 제빵, 빵 굽기, 유사업무 경험, 파티쉐, 생산/조리, 쇼콜라티에, 제과제빵사 자격증 소지, 보건증 소지, 위생/식재 관리, 베이커리, 제빵 경험, 제과제빵, 제품 품질 관리, 베이커리 생산 지원, 유수 베이커리"
제도사,"3D, 기계설계, 철구조물 생산 품질관리, CAD, 기계제도, 캐드, CAD설계, 건축제도기능사, 기계설계 제작, 기계·금속 제도, 금속캐드 원, 납품 엔지니어링"
제조·생산관리자,"QC 품질관리, 생산 관리, 협력사 관리, 기계·자동차·금속, 품질, 제조·생산 관리, 자동차, 제조업무 경험, 사무 업무 관리, 운전면허1종, 화학물 가열장치 조작, 개발, 관리사무원, 생산기술, 사무능력, 인사지원, 계약 관리, 화학물 가공장치 조작, 금속, 품질팀, 품질관리, 기계, 세제류 제조 및 생산 관리, 생산 일정 계획능력, 생산·품질, 생산 공정 역량, 제조 업무 관리, 품질 보증, 현장 관리, 품질 관리, 통계능력, 전기기능사, 생산 현장 지도 및 감독력, 기계 및 자동차 관련 역량, 생산, 화학물 증류반응기 조작, 제조 공정 관리, 생산관리, 생산 및 품질 관리, 생산관리능력, 생산 관리 시스템능력, 운전능력"
제품 디자이너,"온라인쇼핑몰, 제품 디자인, 디자인"
제품·광고 영업원,"고객관리, 인터넷컨텐츠 광고 영업, 열정, 광고 영업, 디지털컨텐츠 영업, 영업전략 수립, 협상능력, 영업능력, 영업활동, 거래처관리, 광고 마케팅, 제품이해력, 옥외광고물 영업, 입사지원 현황 분석, 광고 기획력, 영업관리, 제품 지식, 커뮤니케이션능력, 광고 마케팅능력, 납품, 문제해결능력, 긍정적 태도"
조경 기술자,"조경, 조경시공기술, 조경기술, 건설"
조경원,"시설물유지보수, 조경업무전반, 장비운용, 식물관리, 예초작업, 잔디깍기, 조경, 공사 경력, 제초작업, 잡목/잡초제거, 측량, 약제 살포, 수해예방활동, 침범예방활동, 경계지관리, 초지관리, 수목가지치기, 농기계운용, 식재원 관리, 화훼류식재관리, 조경관리, 조경 관리, 조사보고서작성, 하예작업"
조선·해양공학기술자,"해양구조설계, 조선선박·설계, 조선설계, 선박설계"
종이제품생산기계조작원,"인쇄, 생산기계 조작, 측면접착기 조작, 종이제품 생산, 골판지 제조, 생산직 관련 기술, 생산현장 작업, 종이 코팅, 코팅지 제조, 종이상자 제조기 조작, 기계조작, 그라비아 기계 조작, 특수지 제조, 기계 조작, 그라비아"
주방보조원,"조리 실무 역량, 설거지, 재료준비, 조리 보조, 식품 조리, 음식점 업무, 음식 조리 보조, 식재료 손질, 구내식당 운영, 일반 음식점, 주방 업무, 주방 업무 보조, 식당 서빙 업무, 주방 보조, 요양병원 조리 역량, 조리 보조 업무, 위생, 식재료 처리, 홀 서빙, 위생 관리"
주방장,"조리 기술, 식품 안전 관리"
주조기조작원,"다이캐스팅기 조작, 연속주조기 조작, 주물 주조기 조작"
주차관리·안내원,"카운터 업무, 대체근무자(일용직)채용, 주차관리, 차량 안내, 발렛파킹, 입장 고객 안내, 유료주차 관리, 간단행정업무 가능능, 행정업무, 고객응대, 안전 순찰, 주차 관리, 기타 지정 업무, 직원관리, 요금 정산, 주차 관리 역량, 운전 역량, 입차와 출차 모니터링, 인원근태관리"
중식 조리사,"요리 기술, 식품 조리 및 가공 기술"
지게차운전원,"작업 환경 이해, 지게차 상하차, 지게차 운전, 물류 관리, 우대, 업무사원, 물류 작업 역량, 하차, 물류업무, 상하차 및 창고재고관리, 자동차 부품 생산, 안전 규정 준수, 상차, 물류 작업 경험, 물류 운송, 지게차 조작 능력, 기사 역량, 창고 관리, 출하업무, 반장급, 창고 작업 역량, 창고관리, 지게차 조작 역량, 운전 기술, 물류 작업, 냉동제품 적재 및 입출고, 지게차 운전 능력, 자재관리"
직업상담사,"직업상담지도, 평가, 컴퓨터 활용, 책임감, 국민취업지원제도, 취업지원 경력, 컴퓨터관련 역량, 취업 알선, 구인, 계약기간, 직업교육훈련, 상용직 전환, 직업상담, 음료제공(차, 직업상담능력, 명절선물/귀향비, 근로계약, 통계, 취업컨설턴트, 문서업무, 구직 발굴, 도전정신, 급여조건, 무기계약직 전환, 직무능력향상교육, 취업상담, 센터 내 보조업무 수행 가능 여부, AI로보틱스 직업훈련, 책임상담, 커피), 취업지원, 원서접수, 외부 홍보 활동, 교육프로그램 운영, 경력직 채용, 입사지원, 우수사원포상"
채소·특용 작물 재배원,"채소재배 기술, 단순노무, 시설농업 관리능력, 채소 재배, 생산직, 작물 재배, 특용작물 관리, 농업 기술능력, 과채/양채류 작물 재배/관리, 농업 관련 기술, 노무 작업"
철도·전동차 기관사,"철도 운전 경력, 유사사업장 경력, 기관차 운전 경력, 디젤 동차 운전 경력, 블라인드, 전동차 기관사 경력, 철도차량 운전면허"
청소년 지도사,"문서 작성, 청소년 상담, 청소년 지도, 아동 복지 지도, 청소년 생활 지도, 아동 지도"
청소원,"사우나청소원, 노력 추구, 화학 세제 사용법, 상가 및 사무실 청소 경험, 환경 유지, 세부 사항 확인, 책임감, 사무실 청소 역량, 미화원 역량, 청소 장비 및 용품 사용능력, 환경 유지 역량, 세정 기술, 상주력, 상가청소, 상가 관리, 시설 관리, 원룸 청소 역량, 야구장 청소 역량, 의원 청소 역량, 청소 장비 사용법, 공공 시설 관리 역량, 상가 및 사무실 청소 역량, 청소 업무 경험, 병원 환경 관리 역량, 화학 청소제 사용 방법, 미화, 건물 청소, 사무실 청소, 세부 주의, 공간 관리, 청소원 역량, 공공건물 청소 역량, 손재주, 공장 관리, 다양한 장소 청소, 건물청소, 쓰레기 처리, 미화원, 내부미화료능력, 공공건축물 관리, 환경 관리, 빌딩 청소, 청결유지 역량, 매장 청소, 여가활동동아리활동, APT 청소, 시설물 관리 역량, 유지보수능력, 청소 기술, 찜질방 청소 역량, 상가 관리 역량, 기본적인 청소 기술, 역구내 정리, 작업 계획 수립, 작업 환경 안전 유지능력, 신속한 대처능력, 미화원 관리, 공간 조직, 청소도구 사용능력, 청결 작업 마감능력, 청결 유지, 다양한 청소 방법에 대한 지식, 빌딩 관리 역량, 고객 응대, 실내 미화원, 협력심, 다양한 장소 및 시설 청소, 요양원 위생 관리, 상가 청소, 작업 환경 유지, 시설관리, 항송, 공공 건물 청소 역량, 역구 내 정리 역량, 작업 환경에 대한 이해, 미화 역량, 백화점 관리 역량, 깨끗이 유지하기, 사무실 관리, 사우나 관리 역량, 객실 관리, 세심한 관찰력, 공중화장실 청소 역량, 다양한 환경에서 작업하는 능력, 지하철역 사 청소, 공공건물청소, 사우나 청소, 다양한 건물 청소 기술, 병실 청소, 시설물 관리능력, 빌딩 청소 역량, 안내, 공중화장실 관리 역량, 지하철역사 관리 역량, 실내미화 역량, 청소 용품 사용능력, 보조업무 보조능력, 목욕탕청소, 건물 유지보수 역량, 청결유지, 병원 및 지하철역 청소 역량, 청결한 환경 유지, 병원 관리 역량, 요양원 관련 역량, 청결 유지 역량, 지하철역 관리 역량, 사무실 관리 역량, 목욕탕 청소, 청소 용품 사용, 세척, 외곽 청소 등, 시설물 유지보수 역량, 내부미화 역량, 작업 환경 이해, 공장 관리 역량, 시설 유지보수, 공간 청결 유지에 대한 역량, 작업 안전 협력, 고객 응대능력, 장기근속 가능, 청소, 클린룸 미화 관리 역량, 공중화장실 청소, 백화점청소, 역 구내 정리, 건물 청소 역량, 응대능력, 세탁, 청결 유지능력, 클리닝 기술, 청소 용구 사용능력, 상가 청소 역량, 청소 서비스 관련 역량, 협업능력, 세척 기술, 공공건물 관리, 미화 작업 역량, 세심한 주의력, 공공장소 청소, 공공건물 관리 역량, 정리, 환경 유해물질 처리, 다과성과 협동심, 사우나 청소 역량, 작업 지시에 따라 업무 수행하는 능력, 공장 청소, 공공 건물 청소, 병원 청소, 세부 주의력, 매장 청소 역량, 청소 일정 관리하기, APT 청소 역량, 유지 보수 역량, 위생 관리, 병원청소원, 시설 관리 역량, 협동심, 청소능력, 카드 우대 혜택 이용 역량, 공공건물 청소 경험, 시설물 유지보수, 세심함, 병원 관리, 외곽미화, 병원 청소 역량, 아파트 청소, 청소기 사용능력, 상황 대처 능력, 병실청소, 작업 환경 안전 유지, 의원 청소, 공공장소 청소 경험, 상가청소원, 야간 근무, 아파트 관리, 상업 시설 청소, 오피스텔 관리 역량, 세세한 관찰력, 지하철 역사 청소, 구내정리 역량, 공공건물 청소, 대인관계 능력, 공장 청소 역량, 물리적인 노력과 힘을 요하는 업무 수행, 아파트 관리 역량, 지하철역 청소, 공공 건물 관리, 공중 화장실 청소, 청소 역량, 문제 해결 능력, 다목적 시설 청소, 목욕탕 관리 역량, 작업 일정 준수, 백화점 청소, 깨끗한 환경 유지, 세심한 관심, 신체 건강함, 공공 시설 관리, 시설물 관리, 아파트 청소 역량, 공공장소 관리, 환경 개선 가능여부, 지하철역사청소, 팀워크, 건강 및 위생 역량, 작업효율, 공공건물 관리능력, 작업 성실성, 시야 넓히기, 건물 관리 역량, 상황대처 능력, 오피스텔 청소"
총무 사무원 및 대학 행정조교,"입학홍보활동, 영업지원, 상담능력, 대학 행정 업무 경험"
총무사무원,"회계, 일반관리사무원, 사무, 업무지원, 사무 보조, 무역업무 및 사무보조"
출납창구 사무원,"은행창구수납원, 은행창구텔러, 은행텔러"
출판·자료편집사무원,"책자 및 편집 역량, 전자조판 역량, 한글(워드)프로그램 활용, 인쇄물 편집디자인(IBN) 역량, 파워포인트 활용, 한글편집 및 교재편집 가능여부"
측량·지리정보 전문가,"드론업무, 측량"
치과위생사,"구강 건강 유지 및 질병 예방, 소독 및 멸균 처리, 인센티브, 환자 응대, 치과 진료 보조, 치주 질환 관리, 환자 의료기록 관리, 스탭 업무수행, 상담 가능능력, 예방 치과, 구강 보건 교육, 구강 위생 관리, 치주 질환 예방, 위생 관리, 구강 위생"
컴퓨터 설치·수리원,"컴퓨터하드웨어수리, 컴퓨터 하드웨어 수리, 컴퓨터 정비, 포토샵, 전산기자재 유지보수, 컴퓨터 A/S, 컴퓨터수리, 컴퓨터 관련 업무, 컴퓨터 전기 전자 통신 서비스, 전산장비유지보수, HP 제품 노트북 데스크탑 A/S 외근직, 캐드, 환경모니터링장비 교정 Validation, 컴퓨터 수리, PC설치, 컴퓨터 설치, 홈페이지 관리, 프로그램 유지관리, PC 설치, PC 유지보수, PC 수리, PC수리"
컴퓨터 하드웨어 기술자 및 연구원,"통신망 설계, 하드웨어 설치, 소프트웨어 설치, IT기술지원, 구축, 정보통신, 통신망 운영, 유지보수, 광통신, 정보통신 공사"
컴퓨터강사,"정보통신, 교육, 프로그래밍, 영업관리\, 웹, 웹디자인, DB, CAD작업"
컴퓨터시스템설계 및 분석가,"ERP, 시스템설계가, 시스템엔지니어, 시스템통합자, 인공지능, 회계프로그램 분석, 시스템분석가, 시스템 설계"
크레인·호이스트운전원,"호이스트 조작능력, 물품이동장비 조작, 타워 크레인 운전 기술, 크레인 운전 기술, 대연산업 크레인 운전 기술, 천장 크레인 운전 기술"
타이어·고무제품 생산기계 조작원,"고무 사출성형, 생산 직무 경험"
택시 운전원,"교통안전 관리능력, 고객 응대능력, 운전 기술, 자세한 도로지식"
텔레마케터,"의료 지원, 쇼핑몰관리, 사무직, 인터넷쇼핑몰텔레마케터, 블로그, 잡화텔레마케터, 의료 관련 기술, 대형마트텔레마케터, 고객상담"
토목감리기술자,"토목감리능력, 토목감리 기술"
토목공학 기술자,"기술능력, 공사팀 관리, 연구개발, 기술 역량, 통계분석, 토목공학, 철도 공사, 현장 사무 업무, 도로경력, 터널 설계, 토목 감리원, 토목설계, 건설자재실험"
토목구조설계기술자,"토목설계 기술, 토목구조설계 기술"
토목시공기술자 및 견적원,"공항건설토목시공, 현장근무능력, 건설현장 토목기술, 부지조성, 도로포장 관리, 중급 이상, 한글, 도로건설, 공무 현장 경험, 교량건설, 시공 기술, 토목기술, 건설 현장 공사 담당, 교량건설토목시공, 토목현장 시공 기술, 토목적산, 시공측량, 건설업무 Paper Work, 품질관리, 시공 기술 관련 역량, EXCEL, 토목대관업무, 토목시공 기술, 토목견적원, 토목견적, 토목현장 공사 관리, 공무담당, AUTO CAD, 공무포함, 토목공무, 현장관리, 토목회사, 토목시공기술, 경력, 품질고급, 토목시공, 경력자, 구조물측량, 토목현장 안전관리, 도로건설토목시공"
토목안전·환경·품질기술자,"안전 진단, 안전 관리, 품질, 토목환경기사, 기술 문서 작성 능력, 환경, 건설·건축 관련 기술, 토목 안전 관리 역량, 토목안전기사, 품질분석, 건축 구조 이해력, 안전관리, 대졸(4년) 학위 소지, 시설 안전 감사 능력, 토목안전, 토목현장관리, 품질관리, 토목안전관리기술, 안전, 환경관리, 토목안전진단, 건설·건축 관련 역량, 측정과학 능력, 품질 기술 관리, 토목안전관리, 건축 기술, 현장근무, 토목, 환경기술, 안전 관리 경험, 토목안전·환경·품질 기술, 토목 안전"
토양환경기술자 및 연구원,"시험분석, 환경 기술"
통계 사무원,"통계 분석, 데이터 분석"
통신 기기·서비스 판매원,"핸드폰 판매, 가입 상담하기, 제품 지식, 판매 기술, mvno 알뜰폰, 간단 전산 입력, 전산입력능력, 영업 관리, 통신기기 판매, 고객 상담 및 의사소통, 고객 상담 및 서비스 Skills, 핸드폰 가입 서비스, 통신기기 지식, MVNO 이해력"
통신장비 설치·수리원,"무선통신단말기수리, 통신설비 유지보수, 현장관리, 통신설비수리 관련 역량, 통신설비수리, 무선통신단말기조정, 방송장비 설치 및 유지보수, 무선 통신 단말기 수리, 정보통신기술관련 업무보조, 정보통신설비, CCTV구축 및 관리보조"
통역가,"언어전문가, 영어통역"
패션 디자이너,"샘플 및 패턴 개발, 기술 역량, 아이템 스케치, 생산 공정에 대한 이해, 섬세한 손놀림, 디자인 역량, 디자인 소프트웨어 활용능력, 패션 트렌드 분석, 디자인 업무 전반, 시즌 컨셉 기획, 패션 트렌드에 대한 이해, 도식화, 패션 트렌드 감각, 제품 생산 관리능력, 프로젝트 관리 능력, 샘플 제작, 패션 디자인, 트렌드 분석, 생산 최적화 능력, 시각 디자인, 실행력, 포토샵 및 일러스트레이터 능력, 시각적 사고력, 창의성, 섬세함, 여성복 작업 가능 여부, 품질 관리능력, 작업지시서 제작, 제품 QC 관리, 상품별 원부자재 서칭, 팀워크, 센스, 메인생산 스케줄 관리, 문제해결능력, 공장 및 프로모션 핸들링"
펄프·종이 제조장치 조작원,제조장치 운용 역량
폐기물처리기술자,"연구 능력, 폐기물 처리 기술"
포장원,"입출고 관리, 상품 포장, 물류 작업, 제품피킹/포장, 물류품질 관리"
표백·염색기 조작원,"섬유 염색 관련 기술, 조색기 조작, 염색 준비, 염색기 조작"
품질관리사무원,"진공성형, 물성, 화학공학, 외근, 내선 전기공, 화학실험, 플랜트 전기공, 엔지니어링, 압출성형, 품질관리, 도면이해, 품질시스템 관리, 지시능력, 현장점검, 외관섬사, 자동차부품, 압공성형, 품질관리 경험, 프레스, 제조업체 경력, 품질보증, 용접, 화학제품분석"
플라스틱제품 생산기계 조작원,"PVC, 제조 생산 직, 생산기계 조작, CNC 라우터, 플라스틱 압출 성형 기 운영 관리, 제조관련단순노무, 합성수지, 플라스틱 압출기 조작, 플라스틱블로우성형, 아크릴, PC, 조작능력, 플라스틱 사출 공정, 포장, 배합기 조작"
플랜트기계공학기술자,"Hydro test, 기발 철 관리, 배관 관리, 품질 관리"
피부 및 체형 관리사,"체형관리사, 비만상담원, 비만관리사, 페도티스트, 두피관리사, 피부관리상담원, 발건강관리사, 다이어트프로그래머, 발관리사, 발마사지사"
하역·적재 종사원,"적재원, 완제 처리, PVC 파이프 처리, 상하차원, 화물하역원, 특송물류 제품 스캔, 출하(납품)보조원, 해외 직구 택배 스캔 및 분류, 물류 작업, 스캔 및 분류, 항만용역(줄잡이), 지게차운전, 화물창고 작업, 상하차 작업"
학예사,"국가 공모 사업 추진, 교육 업무 전반, 문화예술수업, 박물관 학예, 도슨트 역량"
한식 조리사,"조리 경력, 한식 요리 기술, 조리업무, 식당 운영 관련 기술, 위생 및 안전 규정 숙지, 식품 조리, 출장요리, 주방장, 한식조리기능사, 원가 관리, 조리 기술, 한식 조리, 주방인력, 식자재 재고 관리, 구내식당 운영, 위생 및 안전 규정 준수, 식당 운영 경험, 식품 안전 및 위생 관리, 원산지 관리, 식품 위생 관리를 위한 지식, 식당 조리 역량, 식재료 활용능력, 식당 조리, 출장 요리, 주방 구함, 식당 운영 관리, 조리, 식품 위생, 음식물 안전 및 위생 관리, 조리사, 식품 안전, 신체적인 노인 돌보기, 음식 조리 기술, 음식 조리, 식품 안전 및 위생 관리능력, 김밥 제조 관련 기술, 보조 조리, 식재료 처리, 셰프, 유통기한 관리, 한식 조리 관련 역량, 요리, 식재료 관리, 위생 관리"
한의사,"의료지식, 근무능력, 치료기술, 의학지식, 한의학"
항공운송사무원,"항공 수출입 업무 관련 역량, 항공화물 처리 능력, 항공 운송에 관련된 역량"
해외 영업원,"무역 관련 역량, 영어능력, 해외영업"
행사 기획자,"행사 기획, 행사운영기획"
홀서빙원,"조리보조, 고객 응대 능력, 매장관리, 음식점 서빙 및 주방 업무 경험, 고객 응대능력, 팀워크능력, 고객 응대, 커뮤니케이션, 고객 서비스, 음식 서빙 역량, 음식점 서빙 역량, 서빙 업무, 홀서빙 기술, 음식 서빙, 세심한 주의력, 주문 관리, 서빙 기술, 주방 보조, 음식 서빙 기술, 주문 처리, 음식점 서빙, 홀서빙, 작업 협조, 음식점 서비스, 주문 및 서비스 관리, 홀 서빙"
홍보도우미 및 판촉원,"홍보, 판촉"
화물차·특수차 운전원,"노면 청소차량 운행 기술, 구난차 운전, 압롤차량 운전, 대형 화물차 운전 능력, 상품 배송 관리, 물류 업무 처리, 물류 관리, 교통법규 이해, 안전 주의력, 재고 관리능력, 화물차 조작능력, 교통법규 이해력, 운전기술, 고소작업차 조종, 특수차 운전 능력, 화물 운송 역량, 배송 역량, 차량 관리, 압롤기사, 유조차 운전, 물류 업무 경험, 대형 차량 조작능력, 화물 차량 운행, 청소차 운전, 화물 운송, 운전 기술능력, 물류 운송, 트레일러 트럭 운전 기술, 건설폐기물 수집운반, 배송 노하우, 창고 관리, 대형 화물차 운전능력, 차량 유지보수, 견인차 운전, 물류 및 운송 역량, 운송 직무 관련 역량, 근로 현황 통계능력, 특수차 운전능력, 납품 및 납품관리, 운전 역량, 운전 기술, 대형 차량 운전 경험, 특수차 운전, 화물 운송 관련 역량, 화물차 운전, 물류 및 배송 역량"
화학공학 기술자 및 연구원,"의약품품질관리, 신입자 교육, 화학공학 기술, 화학분야 기술연구, 연구 역량, 연구 및 개발, 화학공학 지식, 화학 공학, 기술 연구, 연구 개발, 경영 기획"
화학물 가공장치 조작원,"원료 처리, 화학물 가공장치 조작, 공정 관리, 생산 공정 이해, 안전 규정 준수, 생산 관련 역량 등, 화학제품 제조"
화학연구원,"유기 고분자 분석, 화학, 영어능통, 화학 합성"
화학제품 생산기계 조작원 (고무·플라스틱 제외),"생산기계 조작, 합성수지 컴파운드, 화학제품 생산, 생산 공정 이해, 기계 조작 역량, 기계 조작능력, 생산 라인 관리능력, 생산기술, 기계 조작"
환경공학 기술자 및 연구원,"대기 시료채취, 환경공학 관련 기술"
환경미화원 및 재활용품수거원,"청소능력, 환경미화, 자전거 운용 가능능, 청소관리업무, 환경관리 경험, 청소 업무 수행, 방역, 폐기물 수거, 재활용 역량, 민원응대 경험, 보수, 순방향 사고능력, 환경미화원 업무 처리, 청소, 정원 관리, 청결 유지, 환경보호 의식, 미화(영선), 세탁, 환경보호 관련 역량, 음식물 쓰레기 수거, 환경 보호, 청결정신, 재활용, 미화 역량, 환경관리, 협업능력, 미화 및 정화 기술, 미화능력, 재활용품 분리수거, 쓰레기 수거, 내부미화, 청소 경험, 건물관리, 폐기물 분리, 환경미화 관련 역량, 환경 정비, 청결 및 정돈 능력, 환경 보호 역량, 팀워크, 현장작업능력, 상용직전환검토, 재활용품 수거, 청결 유지 역량, 생활 폐기물 수거, 환경 관리, 현장작업"
회계 사무원,"사무보조, 자체기장, 원가계산원, 2급(국가공인), 자산 구매 및 관리, 관리, 법인세 신고/지원, 전산회계1, 예산관리, 원활한 커뮤니케이션 능력, 원가관리, 원가계산, 재무제표 작성, 운송 및 창고 마감, 원가관리원, 재무회계, 세무관리, 세무 회계, 회계결산, 회계관리, 자체회계프로그램 활용, 법인결산, 세무 신고, 세무, 재무분석, 결산 처리, 재무 모델링, 전산 관련 기술, 문서 작성 능력, 회계 결산, 재무 전략 수립, 고객응대, 매출매입 정산, 금융 데이터 분석, 부가세 신고/지원, 우편물 관리, 회계결산원, 사무업무, 경리회계, 재무 관련 역량, 세무회계, 회계, 법인 결산, 더존 사용, 세무 및 회계 관련 자격, 세무 역량, 사무, 월/분기/년 결산, 전산세무1, 세무 처리, 문서프로그램활용, 사무 역량, 재무 보고서 작성, 인사 업무, 총무 역량, 자체기장 경험, 소상공인 세무 및 노무 상담, 회계 역량, 세무 상담, 인사 총괄담당, 세무 또는 회계 관련 자격 보유."
회계사,"회계, 전산회계, 재무회계, 감사, 출납 업무, 급여관리, 재무, 회계감사, 재무회계 관련 업무, 세무업무, 관리회계, 법인결산, 경리 업무, 회계 역량, 결산 업무, 기장 업무, 세무"
